﻿<?xml version="1.0" encoding="UTF-8"?>


<localize>
  <text id="Rouge_Title_Start_Button">ExploreBranch</text>
  <text id="Rouge_Title_Continue_Button">ContinueExplore</text>
  <text id="Rouge_EscapeUI_MemeScene">ScanMeme</text>

  <text id="ResultScreen_Title">Today's Summary</text>
  <text id="ResultScreen_Agent">Get Agent:</text>
  <text id="ResultScreen_Equip">Get E.G.O.:</text>
  <text id="ResultScreen_LOB">Get LOB:</text>
  <text id="ResultScreen_Observe">Get Observation:</text>
  <text id="ResultScreen_Wonder">Get Wonder:</text>
  <text id="ResultScreen_Meme">Get Meme:</text>

  <text id="Meme_ExitButton">Exit</text>
</localize>