﻿<?xml version="1.0" encoding="UTF-8"?>


<localize>
  <text id="dummy_name">第一个模因</text>
  <text id="dummy_desc">我草，代码真难写啊啊啊啊啊</text>
  <text id="dummy_special_desc">开始管理时，获得100能源。员工受到致命伤害不会立刻死亡，而是延迟30秒死亡，啊啊啊啊在此之前结束这一天可拯救该员工。</text>

  <text id="random_armor_name">随机ALEPH护甲</text>
  <text id="random_armor_desc">逸散的思绪随机地组合又分裂，在这一过程中出人意料地获得了形态，构成了有用的物质。
怀着“哇塞今天中彩票了”的心情来打开这份礼物吧。</text>
  <text id="random_armor_special_desc">立刻获得一件ALEPH护甲。</text>


</localize>