﻿<?xml version="1.0" encoding="UTF-8"?>


<localize>
  <text id="Rouge_Title_Start_Button">探索支部</text>
  <text id="Rouge_Title_Continue_Button">继续探索</text>
  <text id="Rouge_EscapeUI_MemeScene">查看模因</text>
  <text id="ResultScreen_Title">今日总结</text>
  <text id="ResultScreen_Agent">获得员工：</text>
  <text id="ResultScreen_Equip">获得E.G.O.：</text>
  <text id="ResultScreen_LOB">获得LOB点：</text>
<!--Plz translate "ResultScreen_Observe" as short as possible. If there are too many letters, they will covered by UI.-->
<!--Im sorry for my poor in UI, it makes me have no idea for sovling this problem.-->
<!--Thank U.-->
  <text id="ResultScreen_Observe">观察异想体：</text>
  <text id="ResultScreen_Wonder">获得奇思：</text>
  <text id="ResultScreen_Meme">获得模因：</text>
  <text id="RandomEvent_PanicAgent">我们发现了一名神智崩溃，四处游荡的员工。
您可以直截了当地处决他，也可以让他清醒过来，收入麾下。</text>
  <text id="RandomEvent_Creature">我们发现了一只游荡的异想体。
镇压后，您可以选择收容它，或者从它身上提取E.G.O.。</text>
  <text id="RandomEvent_MissionStart">总部发布了额外任务，任务详情请查看右上角。</text>
  <text id="RandomEvent_MissionEnd">任务已完成，请选择奖励。</text>
  <text id="RandomEvent_AwardEnd">奖励已发放，请在结束这一天后查收。</text>
  <text id="RandomAward_GetEquipment">在研发部的帮助下，我们额外获得了一件新的E.G.O.。</text>
  <text id="RandomAward_GetAgent">我们发现了一名一息尚存的员工，他将听从您的指挥。</text>
  <text id="RandomAward_GetObserve">在情报部的帮助下，我们额外解锁了一个异想体的全部观察信息。</text>
  <text id="RandomAward_GetLOB">来自总部的人员培训手册已发放，我们获得了少量LOB点。LOB+</text>


  <text id="RougeLikeMission">随机任务</text>
  <text id="RougeLikeMissionLevel_1">1级任务</text>
  <text id="RougeLikeMissionLevel_2">2级任务</text>
  <text id="RougeLikeMissionLevel_3">3级任务</text>
  <text id="RougeLikeMissionText_E10">收集能源</text>
  <text id="RougeLikeMissionText_E23">镇压HE级异想体</text>
  <text id="RougeLikeMissionText_E24">镇压WAW级异想体</text>
  <text id="RougeLikeMissionText_E25">镇压ALEPH级异想体</text>
  <text id="RougeLikeMissionText_E30">进行工作</text>
  <text id="RougeLikeMissionText_E40">解锁观察信息</text>
  <text id="RougeLikeAwardText_Equipment1">HE级/WAW级E.G.O</text>
  <text id="RougeLikeAwardText_Equipment2">WAW级/ALEPH级E.G.O</text>
  <text id="RougeLikeAwardText_Agent1">经验丰富的员工</text>
  <text id="RougeLikeAwardText_Agent2">经验非常丰富的员工</text>
  <text id="RougeLikeAwardText_LOB1">一些LOB点</text>
  <text id="RougeLikeAwardText_LOB2">很多LOB点</text>

  <text id="Meme_ExitButton">逃离公司</text>
  <text id="Meme_Wonder">奇思</text>

</localize>