﻿<?xml version="1.0" encoding="UTF-8"?>


<localize>
  <text id="dummy_name">第一个模因</text>
  <text id="dummy_desc">我草，代码真难写啊啊啊啊啊</text>
  <text id="dummy_special_desc">开始管理时，获得100能源。员工受到致命伤害不会立刻死亡，而是延迟30秒死亡，啊啊啊啊在此之前结束这一天可拯救该员工。</text>

  <text id="random_armor_name">随机ALEPH护甲</text>
  <text id="random_armor_desc">逸散的思绪随机地组合又分裂，在这一过程中出人意料地获得了形态，构成了有用的物质。
怀着“哇塞今天中彩票了”的心情来打开这份礼物吧。</text>
  <text id="random_armor_special_desc">立刻获得一件ALEPH护甲。</text>

  <text id="AddDmg_Duet_name">二重奏</text>
  <text id="AddDmg_Duet_desc">多么美妙的合奏！左边那个，打起精神来！</text>
  <text id="AddDmg_Duet_special_desc">职员造成伤害时，有15%概率额外对目标造成一次相同的【附加伤害】。</text>

  <text id="AddDmg_Harmony_name">和音</text>
  <text id="AddDmg_Harmony_desc">柔软的和音何时变成了哀哭？</text>
  <text id="AddDmg_Harmony_special_desc">职员造成伤害时，额外对目标造成1-2点与本次伤害相同类型的【附加伤害】。</text>

  <text id="AddDmg_Linger_name">余响</text>
  <text id="AddDmg_Linger_desc">请您听……这绕梁不散的，最后的回响。</text>
  <text id="AddDmg_Linger_special_desc">职员造成伤害后，经过5秒，对目标造成7点随机类型的【附加伤害】。</text>

  <text id="AddDmg_Ornamentation_name">装饰音</text>
  <text id="AddDmg_Ornamentation_desc">当然，当然，灵活的手指可是将乐曲填充至饱满的关键！</text>
  <text id="AddDmg_Ornamentation_special_desc">所有【附加伤害】提升5点。</text>

  <text id="AddDmg_Melody_name">主旋律</text>
  <text id="AddDmg_Melody_desc">最关键的旋律，最激昂的情感，只为您——我们唯一的观众——呈现！</text>
  <text id="AddDmg_Melody_special_desc">职员造成【附加伤害】时，50%概率再造成一次等量且类型随机的【附加伤害】。</text>




</localize>